{
  "Total" : {
    "transaction" : "Total",
    "sampleCount" : 50,
    "errorCount" : 0,
    "errorPct" : 0.0,
    "meanResTime" : 17.779999999999998,
    "medianResTime" : 17.0,
    "minResTime" : 8.0,
    "maxResTime" : 61.0,
    "pct1ResTime" : 21.9,
    "pct2ResTime" : 25.449999999999996,
    "pct3ResTime" : 61.0,
    "throughput" : 5.1652892561983474,
    "receivedKBytesPerSec" : 2.5523792613636362,
    "sentKBytesPerSec" : 1.145039708161157
  },
  "POST /api/simulacion" : {
    "transaction" : "POST /api/simulacion",
    "sampleCount" : 50,
    "errorCount" : 0,
    "errorPct" : 0.0,
    "meanResTime" : 17.779999999999998,
    "medianResTime" : 17.0,
    "minResTime" : 8.0,
    "maxResTime" : 61.0,
    "pct1ResTime" : 21.9,
    "pct2ResTime" : 25.449999999999996,
    "pct3ResTime" : 61.0,
    "throughput" : 5.1652892561983474,
    "receivedKBytesPerSec" : 2.5523792613636362,
    "sentKBytesPerSec" : 1.145039708161157
  }
}